{
  "project_info": {
    "project_number": "958716742974",
    "project_id": "login-register-145c9",
    "storage_bucket": "login-register-145c9.appspot.com"
  },
  "client": [
    {
      "client_info": {
        "mobilesdk_app_id": "1:958716742974:android:65330655c865be9fc5b06f",
        "android_client_info": {
          "package_name": "com.example.login_register_firebase"
        }
      },
      "oauth_client": [
        {
          "client_id": "958716742974-1vjjpje87f427p5qq7ktbtbmhidpnsng.apps.googleusercontent.com",
          "client_type": 3
        }
      ],
      "api_key": [
        {
          "current_key": "AIzaSyDA9z2Qpfm7434IC2khl4QWO1O8NEtt8Mg"
        }
      ],
      "services": {
        "appinvite_service": {
          "other_platform_oauth_client": [
            {
              "client_id": "958716742974-1vjjpje87f427p5qq7ktbtbmhidpnsng.apps.googleusercontent.com",
              "client_type": 3
            }
          ]
        }
      }
    }
  ],
  "configuration_version": "1"
}